Дата,Кінцевий термін отримання,Тип,Код підтвердження,Дата бронювання,Дата початку,Дата завершення,Кількість ночей,Гість,Оголошення,Докладніше,Код транзакції,Валюта,Сума,Виплачено,Сервісний збір,Збір за швидку оплату,Плата за прибирання,Курортний збір,Плата за домашніх тварин,Валовий дохід,"Податок, який перераховує Airbnb",Рік отримання доходу
06/02/2026,06/09/2026,Payout,,,,,,,,"Переказ на Kemp Carlsbad s.r.o., IBAN 0257 (EUR)",G-HHAY2AAZ73VJL6QCUPWZQKG2H7R6AOFV,EUR,,476.24,,,,,,,,
06/02/2026,,Бронювання,HMZFY928F4,05/28/2026,05/31/2026,06/02/2026,2,Celina Castle,Slow Down at the Mirror Tiny House,,,EUR,251.22,,"46,08",,16.00,0.00,0.00,297.30,0.00,2026
06/02/2026,,Бронювання,HM3M9DMZMF,05/31/2026,06/01/2026,06/03/2026,2,Sedrik Kewitsch,River Wood: Peace behind the mystery glass,,,EUR,225.02,,"41,28",,16.50,3.30,0.00,266.30,0.00,2026
05/31/2026,06/05/2026,Payout,,,,,,,,"Переказ на Kemp Carlsbad s.r.o., IBAN 0257 (EUR)",G-2XBFTBNBBPEDPZKVDEJS2EUXNTTCMYSG,EUR,,543.78,,,,,,,,
05/31/2026,,Бронювання,HMKTWNK3RA,05/25/2026,05/29/2026,05/30/2026,1,Anna Jusmann,Slow Down at the Mirror Tiny House,,,EUR,132.37,,"24,28",,16.00,0.00,0.00,156.65,0.00,2026
05/31/2026,,Бронювання,HM49K2Q9QK,05/28/2026,05/29/2026,05/30/2026,1,Danil Nikashin,Retreat River Free Soul,,,EUR,102.84,,"18,86",,15.00,0.00,0.00,121.70,0.00,2026
05/31/2026,,Бронювання,HMWRYZJN29,03/22/2026,05/30/2026,06/01/2026,2,Andrea Monika Fiedler,River Wood: Peace behind the mystery glass,,,EUR,308.57,,"71,23",,16.50,3.30,0.00,379.80,0.00,2026
05/26/2026,06/02/2026,Payout,,,,,,,,"Переказ на Kemp Carlsbad s.r.o., IBAN 0257 (EUR)",G-JOWCGKCKY7UQ62OX2CPWRDUSRDIBT3OB,EUR,,538.74,,,,,,,,
05/26/2026,,Бронювання,HMZDZZ24SP,03/16/2026,05/25/2026,05/29/2026,4,Rabea Wehrum,River Wood: Peace behind the mystery glass,,,EUR,538.74,,"124,36",,16.50,6.60,0.00,663.10,0.00,2026
05/23/2026,05/29/2026,Payout,,,,,,,,"Переказ на Kemp Carlsbad s.r.o., IBAN 0257 (EUR)",G-24EG6YYIHQ6ISDPOXAOSTYDYSTVNAZBH,EUR,,762.08,,,,,,,,
05/23/2026,,Бронювання,HM4K9CB5NQ,03/24/2026,05/22/2026,05/25/2026,3,Johannes Sauer,Slow Down at the Mirror Tiny House,,,EUR,427.35,,"98,65",,16.00,0.00,16.00,526.00,0.00,2026
05/23/2026,,Бронювання,HMC9MFHDTN,04/12/2026,05/22/2026,05/25/2026,3,Luisa Tschentscher,Forest Escape: Mirror House & Sauna,,,EUR,334.73,,"77,27",,16.00,0.00,0.00,412.00,0.00,2026
05/18/2026,05/25/2026,Payout,,,,,,,,"Переказ на Kemp Carlsbad s.r.o., IBAN 0257 (EUR)",G-BYAVJKYEL646QRFEQ26CSIVHTXUKHBOT,EUR,,559.72,,,,,,,,
05/18/2026,,Компенсація,HMJQ4NHCZT,05/13/2026,05/14/2026,05/17/2026,3,Omar Zamriq,Mirror House & Forest Sauna Retreat,,,EUR,-30.59,,"5,61",,0.00,0.00,0.00,,0.00,2026
05/18/2026,,Бронювання,HMF5CEQBPX,05/13/2026,05/16/2026,05/17/2026,1,Bastian Schaller,Forest Escape: Mirror House & Sauna,,,EUR,154.21,,"28,29",,16.00,0.00,0.00,182.50,0.00,2026
05/18/2026,,Бронювання,HMJW8CSTR4,05/14/2026,05/17/2026,05/21/2026,4,Paul Wiegel,River Wood: Peace behind the mystery glass,,,EUR,436.10,,"80,00",,16.50,6.60,0.00,516.10,0.00,2026
05/15/2026,05/22/2026,Payout,,,,,,,,"Переказ на Kemp Carlsbad s.r.o., IBAN 0257 (EUR)",G-KAPCH2IC76CNXO5UWPDPIEZAP44IVVDM,EUR,,1499.85,,,,,,,,
05/15/2026,,Бронювання,HMEFT3J522,05/09/2026,05/10/2026,05/14/2026,4,Phelim Kelly,Slow Down at the Mirror Tiny House,,,EUR,118.85,,"21,80",,0.00,0.00,3.78,140.65,0.00,2026
05/15/2026,,Бронювання,HM3MD9MKCA,04/04/2026,05/14/2026,05/16/2026,2,Jt Röhrl,Slow Down at the Mirror Tiny House,,,EUR,305.48,,"70,52",,16.00,0.00,0.00,376.00,0.00,2026
05/15/2026,,Бронювання,HMH5EA4M22,05/12/2026,05/14/2026,05/17/2026,3,Vera Löwe,River Wood: Peace behind the mystery glass,,,EUR,436.87,,"80,13",,16.50,4.95,0.00,517.00,0.00,2026
05/15/2026,,Бронювання,HMJQ4NHCZT,05/13/2026,05/14/2026,05/17/2026,3,Omar Zamriq,Mirror House & Forest Sauna Retreat,,,EUR,410.67,,"75,33",,16.00,0.00,0.00,486.00,0.00,2026
05/15/2026,,Бронювання,HMKPKTBJ2P,05/14/2026,05/14/2026,05/16/2026,2,Lilly Herrgeist,Forest Escape: Mirror House & Sauna,,,EUR,227.98,,"41,82",,16.00,0.00,0.00,269.80,0.00,2026
05/11/2026,05/18/2026,Payout,,,,,,,,"Переказ на Kemp Carlsbad s.r.o., IBAN 0257 (EUR)",G-OQOHEOMLCKVIYD4HIXB37ES4JLCC37LY,EUR,,602.44,,,,,,,,
05/11/2026,,Бронювання,HMYH284WD4,05/09/2026,05/10/2026,05/12/2026,2,Sabine Egger,Forest Escape: Mirror House & Sauna,,,EUR,218.85,,"40,15",,16.00,0.00,0.00,259.00,0.00,2026
05/11/2026,,Бронювання,HMEFT3J522,05/09/2026,05/10/2026,05/14/2026,4,Phelim Kelly,Slow Down at the Mirror Tiny House,,,EUR,383.59,,"70,36",,16.00,0.00,12.22,453.95,0.00,2026
05/10/2026,05/15/2026,Payout,,,,,,,,"Переказ на Kemp Carlsbad s.r.o., IBAN 0257 (EUR)",G-GR2QH6IRXB32RAY5C32QQHETYTNZYFF2,EUR,,503.79,,,,,,,,
05/10/2026,,Бронювання,HM9PF9Y92T,02/22/2026,05/09/2026,05/13/2026,4,Benjamin Busch,River Wood: Peace behind the mystery glass,,,EUR,503.79,,"116,31",,16.50,6.60,16.50,620.10,0.00,2026
05/09/2026,05/15/2026,Payout,,,,,,,,"Переказ на Kemp Carlsbad s.r.o., IBAN 0257 (EUR)",G-XYCWOSSY2QMNLSECSNK3DDVZDALOMRGW,EUR,,527.14,,,,,,,,
05/09/2026,,Бронювання,HMRX29RFBY,04/28/2026,05/06/2026,05/07/2026,1,Nathalie Pontow,River Wood: Peace behind the mystery glass,,,EUR,21.12,,"4,88",,17.00,0.00,0.00,26.00,0.00,2026
05/09/2026,,Бронювання,HMXT3EAHST,05/06/2026,05/07/2026,05/09/2026,2,Jan Hubschman,River Wood: Peace behind the mystery glass,,,EUR,224.68,,"51,86",,16.50,1.64,0.00,276.54,0.00,2026
05/09/2026,,Бронювання,HMBAX2PJWH,05/07/2026,05/08/2026,05/10/2026,2,Viktor Lupsa,Slow Down at the Mirror Tiny House,,,EUR,281.34,,"64,94",,16.00,0.00,16.00,346.28,0.00,2026
